Slime ID, Wave Number, Player Distance Fitness, Parent One, Parent Two, Main Type, Secondary Type,Main Resistance Gene, Main Resistance Trait, Secondary Resistance Gene, Secondary Resistance Trait, Slime View Range Gene, Slime View Range Trait, Tower View Range Gene, Tower View Range Trait, Player View Range Gene, Player View Range Trait, Wall View Range Gene, Wall View Range Trait, Sheep View Range Gene, Sheep View Range Trait, Slime Attraction Gene, Slime Attraction Trait, Tower Attraction Gene, Tower Attraction Trait, Player Attraction Gene, Player Attraction Trait, Wall Attraction Gene, Wall Attraction Trait, Sheep Attraction Gene, Sheep Attraction Trait, Slime Optimal Distance Gene, Slime Optimal Distance Trait, Speed Gene, Speed Trait, Turn Rate Gene, Turn Rate Trait, Sprint Duration Gene, Sprint Duration Trait, Sprint Cooldown Gene, Sprint Cooldown Trait, 
0, 0, 210, 8, 11, 2, 4, 0, 0.2689414, 0, 0.2689414, 0, 5.034122, 0, 6.109887, 0, 3.689414, 0, 5.034122, 0, 5.034122, 0, 0, 0, 0, 0, 0, 0, 0.6, 0, 0.5, 0, 0, 0, 2.889414, 0, 0.5, 0, 2.5, 0, 2.5, 
1, 0, 377, 14, 12, 2, 1, 0, 0.2689414, 0, 0.2689414, 0, 5.034122, 0, 6.109887, 0, 3.689414, 0, 5.034122, 0, 5.034122, 0, 0, 0, 0, 0, 0, 0, 0.6, 0, 0.5, 0, 0, 0, 2.889414, 0, 0.5, 0, 2.5, 0, 2.5, 
2, 0, 414, 23, 8, 7, 0, 0, 0.2689414, 0, 0.2689414, 0, 5.034122, 0, 6.109887, 0, 3.689414, 0, 5.034122, 0, 5.034122, 0, 0, 0, 0, 0, 0, 0, 0.6, 0, 0.5, 0, 0, 0, 2.889414, 0, 0.5, 0, 2.5, 0, 2.5, 
3, 0, 10, 16, 19, 1, 0, 0, 0.2689414, 0, 0.2689414, 0, 5.034122, 0, 6.109887, 0, 3.689414, 0, 5.034122, 0, 5.034122, 0, 0, 0, 0, 0, 0, 0, 0.6, 0, 0.5, 0, 0, 0, 2.889414, 0, 0.5, 0, 2.5, 0, 2.5, 
4, 0, 320, 8, 0, 3, 3, 0, 0.2689414, 0, 0.2689414, 0, 5.034122, 0, 6.109887, 0, 3.689414, 0, 5.034122, 0, 5.034122, 0, 0, 0, 0, 0, 0, 0, 0.6, 0, 0.5, 0, 0, 0, 2.889414, 0, 0.5, 0, 2.5, 0, 2.5, 
5, 0, 259, 19, 22, 6, 7, 0, 0.2689414, 0, 0.2689414, 0, 5.034122, 0, 6.109887, 0, 3.689414, 0, 5.034122, 0, 5.034122, 0, 0, 0, 0, 0, 0, 0, 0.6, 0, 0.5, 0, 0, 0, 2.889414, 0, 0.5, 0, 2.5, 0, 2.5, 
6, 0, 369, 1, 4, 1, 3, 0, 0.2689414, 0, 0.2689414, 0, 5.034122, 0, 6.109887, 0, 3.689414, 0, 5.034122, 0, 5.034122, 0, 0, 0, 0, 0, 0, 0, 0.6, 0, 0.5, 0, 0, 0, 2.889414, 0, 0.5, 0, 2.5, 0, 2.5, 
7, 0, 255, 12, 6, 5, 2, 0, 0.2689414, 0, 0.2689414, 0, 5.034122, 0, 6.109887, 0, 3.689414, 0, 5.034122, 0, 5.034122, 0, 0, 0, 0, 0, 0, 0, 0.6, 0, 0.5, 0, 0, 0, 2.889414, 0, 0.5, 0, 2.5, 0, 2.5, 
8, 0, 439, 23, 16, 6, 6, 0, 0.2689414, 0, 0.2689414, 0, 5.034122, 0, 6.109887, 0, 3.689414, 0, 5.034122, 0, 5.034122, 0, 0, 0, 0, 0, 0, 0, 0.6, 0, 0.5, 0, 0, 0, 2.889414, 0, 0.5, 0, 2.5, 0, 2.5, 
9, 0, 156, 0, 20, 7, 5, 0, 0.2689414, 0, 0.2689414, 0, 5.034122, 0, 6.109887, 0, 3.689414, 0, 5.034122, 0, 5.034122, 0, 0, 0, 0, 0, 0, 0, 0.6, 0, 0.5, 0, 0, 0, 2.889414, 0, 0.5, 0, 2.5, 0, 2.5, 
10, 0, 30, 12, 24, 2, 7, 0, 0.2689414, 0, 0.2689414, 0, 5.034122, 0, 6.109887, 0, 3.689414, 0, 5.034122, 0, 5.034122, 0, 0, 0, 0, 0, 0, 0, 0.6, 0, 0.5, 0, 0, 0, 2.889414, 0, 0.5, 0, 2.5, 0, 2.5, 
11, 0, 231, 12, 8, 1, 0, 0, 0.2689414, 0, 0.2689414, 0, 5.034122, 0, 6.109887, 0, 3.689414, 0, 5.034122, 0, 5.034122, 0, 0, 0, 0, 0, 0, 0, 0.6, 0, 0.5, 0, 0, 0, 2.889414, 0, 0.5, 0, 2.5, 0, 2.5, 
12, 0, 478, 5, 20, 5, 3, 0, 0.2689414, 0, 0.2689414, 0, 5.034122, 0, 6.109887, 0, 3.689414, 0, 5.034122, 0, 5.034122, 0, 0, 0, 0, 0, 0, 0, 0.6, 0, 0.5, 0, 0, 0, 2.889414, 0, 0.5, 0, 2.5, 0, 2.5, 
13, 0, 107, 16, 6, 6, 3, 0, 0.2689414, 0, 0.2689414, 0, 5.034122, 0, 6.109887, 0, 3.689414, 0, 5.034122, 0, 5.034122, 0, 0, 0, 0, 0, 0, 0, 0.6, 0, 0.5, 0, 0, 0, 2.889414, 0, 0.5, 0, 2.5, 0, 2.5, 
14, 0, 171, 0, 4, 0, 0, 0, 0.2689414, 0, 0.2689414, 0, 5.034122, 0, 6.109887, 0, 3.689414, 0, 5.034122, 0, 5.034122, 0, 0, 0, 0, 0, 0, 0, 0.6, 0, 0.5, 0, 0, 0, 2.889414, 0, 0.5, 0, 2.5, 0, 2.5, 
15, 0, 443, 0, 8, 3, 5, 0, 0.2689414, 0, 0.2689414, 0, 5.034122, 0, 6.109887, 0, 3.689414, 0, 5.034122, 0, 5.034122, 0, 0, 0, 0, 0, 0, 0, 0.6, 0, 0.5, 0, 0, 0, 2.889414, 0, 0.5, 0, 2.5, 0, 2.5, 
16, 0, 480, 13, 6, 6, 0, 0, 0.2689414, 0, 0.2689414, 0, 5.034122, 0, 6.109887, 0, 3.689414, 0, 5.034122, 0, 5.034122, 0, 0, 0, 0, 0, 0, 0, 0.6, 0, 0.5, 0, 0, 0, 2.889414, 0, 0.5, 0, 2.5, 0, 2.5, 
17, 0, 477, 21, 7, 7, 3, 0, 0.2689414, 0, 0.2689414, 0, 5.034122, 0, 6.109887, 0, 3.689414, 0, 5.034122, 0, 5.034122, 0, 0, 0, 0, 0, 0, 0, 0.6, 0, 0.5, 0, 0, 0, 2.889414, 0, 0.5, 0, 2.5, 0, 2.5, 
18, 0, 209, 8, 19, 0, 4, 0, 0.2689414, 0, 0.2689414, 0, 5.034122, 0, 6.109887, 0, 3.689414, 0, 5.034122, 0, 5.034122, 0, 0, 0, 0, 0, 0, 0, 0.6, 0, 0.5, 0, 0, 0, 2.889414, 0, 0.5, 0, 2.5, 0, 2.5, 
19, 0, 285, 8, 6, 4, 0, 0, 0.2689414, 0, 0.2689414, 0, 5.034122, 0, 6.109887, 0, 3.689414, 0, 5.034122, 0, 5.034122, 0, 0, 0, 0, 0, 0, 0, 0.6, 0, 0.5, 0, 0, 0, 2.889414, 0, 0.5, 0, 2.5, 0, 2.5, 
20, 0, 496, 12, 20, 7, 5, 0, 0.2689414, 0, 0.2689414, 0, 5.034122, 0, 6.109887, 0, 3.689414, 0, 5.034122, 0, 5.034122, 0, 0, 0, 0, 0, 0, 0, 0.6, 0, 0.5, 0, 0, 0, 2.889414, 0, 0.5, 0, 2.5, 0, 2.5, 
21, 0, 444, 20, 8, 6, 6, 0, 0.2689414, 0, 0.2689414, 0, 5.034122, 0, 6.109887, 0, 3.689414, 0, 5.034122, 0, 5.034122, 0, 0, 0, 0, 0, 0, 0, 0.6, 0, 0.5, 0, 0, 0, 2.889414, 0, 0.5, 0, 2.5, 0, 2.5, 
22, 0, 277, 16, 22, 4, 3, 0, 0.2689414, 0, 0.2689414, 0, 5.034122, 0, 6.109887, 0, 3.689414, 0, 5.034122, 0, 5.034122, 0, 0, 0, 0, 0, 0, 0, 0.6, 0, 0.5, 0, 0, 0, 2.889414, 0, 0.5, 0, 2.5, 0, 2.5, 
23, 0, 444, 19, 23, 0, 1, 0, 0.2689414, 0, 0.2689414, 0, 5.034122, 0, 6.109887, 0, 3.689414, 0, 5.034122, 0, 5.034122, 0, 0, 0, 0, 0, 0, 0, 0.6, 0, 0.5, 0, 0, 0, 2.889414, 0, 0.5, 0, 2.5, 0, 2.5, 
24, 0, 277, 7, 24, 2, 7, 0, 0.2689414, 0, 0.2689414, 0, 5.034122, 0, 6.109887, 0, 3.689414, 0, 5.034122, 0, 5.034122, 0, 0, 0, 0, 0, 0, 0, 0.6, 0, 0.5, 0, 0, 0, 2.889414, 0, 0.5, 0, 2.5, 0, 2.5, 
25, 0, 200, 3, 8, 4, 6, 0, 0.2689414, 0, 0.2689414, 0, 5.034122, 0, 6.109887, 0, 3.689414, 0, 5.034122, 0, 5.034122, 0, 0, 0, 0, 0, 0, 0, 0.6, 0, 0.5, 0, 0, 0, 2.889414, 0, 0.5, 0, 2.5, 0, 2.5, 
26, 0, 19, 0, 2, 2, 4, 0, 0.2689414, 0, 0.2689414, 0, 5.034122, 0, 6.109887, 0, 3.689414, 0, 5.034122, 0, 5.034122, 0, 0, 0, 0, 0, 0, 0, 0.6, 0, 0.5, 0, 0, 0, 2.889414, 0, 0.5, 0, 2.5, 0, 2.5, 
27, 0, 30, 22, 6, 2, 0, 0, 0.2689414, 0, 0.2689414, 0, 5.034122, 0, 6.109887, 0, 3.689414, 0, 5.034122, 0, 5.034122, 0, 0, 0, 0, 0, 0, 0, 0.6, 0, 0.5, 0, 0, 0, 2.889414, 0, 0.5, 0, 2.5, 0, 2.5, 
28, 0, 51, 1, 15, 0, 1, 0, 0.2689414, 0, 0.2689414, 0, 5.034122, 0, 6.109887, 0, 3.689414, 0, 5.034122, 0, 5.034122, 0, 0, 0, 0, 0, 0, 0, 0.6, 0, 0.5, 0, 0, 0, 2.889414, 0, 0.5, 0, 2.5, 0, 2.5, 
29, 0, 458, 17, 20, 1, 4, 0, 0.2689414, 0, 0.2689414, 0, 5.034122, 0, 6.109887, 0, 3.689414, 0, 5.034122, 0, 5.034122, 0, 0, 0, 0, 0, 0, 0, 0.6, 0, 0.5, 0, 0, 0, 2.889414, 0, 0.5, 0, 2.5, 0, 2.5, 
Slime ID, Wave Number, Player Distance Fitness, Parent One, Parent Two, Main Type, Secondary Type,Main Resistance Gene, Main Resistance Trait, Secondary Resistance Gene, Secondary Resistance Trait, Slime View Range Gene, Slime View Range Trait, Tower View Range Gene, Tower View Range Trait, Player View Range Gene, Player View Range Trait, Wall View Range Gene, Wall View Range Trait, Sheep View Range Gene, Sheep View Range Trait, Slime Attraction Gene, Slime Attraction Trait, Tower Attraction Gene, Tower Attraction Trait, Player Attraction Gene, Player Attraction Trait, Wall Attraction Gene, Wall Attraction Trait, Sheep Attraction Gene, Sheep Attraction Trait, Slime Optimal Distance Gene, Slime Optimal Distance Trait, Speed Gene, Speed Trait, Turn Rate Gene, Turn Rate Trait, Sprint Duration Gene, Sprint Duration Trait, Sprint Cooldown Gene, Sprint Cooldown Trait, 
0, 1, 210, 8, 11, 2, 4, 0.5045369, 0.2944506, 0, 0.2689414, 8.829102, 12.54725, -30.87738, 1.003104, -8.526801, 1.418184, 0, 5.034122, 11.92401, 14.18182, 4.475627, 0.5075718, 18.76777, 0.9818289, -13.65565, -0.9362731, -34.20184, 0.2001547, -24.2406, 0.002328614, 0, 0, 0, 2.889414, 15.28402, 0.9785638, 39.14104, 4.999719, 0.3697567, 2.957001, 
1, 1, 377, 4, 19, 2, 1, 7.119833, 0.6856712, -4.922689, 0.09702972, -43.01474, 1.000118, -27.36803, 1.007462, 30.85382, 10.98787, -17.85217, 1.063341, 1.205162, 5.981476, 0, 0, 0, 0, 0, 0, 12.84647, 0.9690153, 8.895922, 0.9023824, 47.16803, 0.9999849, 27.84276, 10.17428, 0, 0.5, -18.2721, 0.05135918, 35.28271, 5, 
2, 1, 414, 21, 2, 7, 0, 0, 0.2689414, -15.10152, 0.00836433, -4.689331, 2.53394, 11.2364, 17.32581, -60.35136, 1.000001, -5.069802, 2.407822, -22.98073, 1.017627, -3.123157, -0.3717004, 0, 0, -5.860044, -0.6245958, 30.24636, 0.9995842, 0, 0.5, 11.47712, 0.8926135, 0, 2.889414, 0, 0.5, 0, 2.5, -29.99373, 4.708223E-13, 
3, 1, 10, 2, 16, 1, 0, -14.63616, 0.009386621, 0, 0.2689414, -21.19793, 1.027508, 0.7715328, 6.861599, 67.13949, 11, -8.441187, 1.640268, 9.013022, 12.66794, 0, 0, 0, 0, 17.79256, 0.97687, -38.08026, 0.2000587, -0.1781778, 0.4888657, -32.84051, -0.9994563, 0, 2.889414, 0, 0.5, 9.032158, 4.526709, -26.76702, 1.186319E-11, 
4, 1, 320, 2, 12, 3, 3, 37.981, 0.9997956, 17.84353, 0.9695541, -52.53827, 1.000011, 0, 6.109887, -11.02778, 1.22822, 0, 5.034122, 0, 5.034122, -22.03632, -0.991933, 20.88974, 0.9892695, 5.375593, 0.5862605, 45.50687, 0.9999908, 0, 0.5, -21.27814, -0.9902576, -43.09667, 0.200077, -14.9913, 0.02302623, 9.020658, 4.525476, 0, 2.5, 
5, 1, 259, 12, 8, 6, 7, 27.40675, 0.9971332, 53.17605, 0.9999954, -43.76115, 1.000098, 3.781791, 10.24094, 0, 3.689414, -11.63189, 1.295288, 43.20897, 15.99917, 0, 0, -16.66156, -0.9694272, 9.5328, 0.8310744, 0, 0.6, 2.222632, 0.6354473, 0, 0, 0, 2.889414, 0, 0.5, -3.796698, 1.395254, -6.600362, 0.006790147, 
6, 1, 369, 24, 5, 1, 3, -26.13817, 0.0005340204, -29.65722, 0.0002216241, 13.11575, 14.60676, -18.28087, 1.072109, 0, 3.689414, -32.32257, 1.001708, 0, 5.034122, 15.55541, 0.9598835, -0.8487246, -0.1056944, 3.100996, 0.3693105, -10.42074, 0.2550444, 0, 0.5, -43.59275, -0.999963, 0, 2.889414, 25.64873, 0.9983612, -6.299449, 0.8576218, -39.09725, 5.239036E-17, 
7, 1, 255, 17, 2, 5, 2, -47.43644, 2.602305E-06, 9.242266, 0.7876079, 17.46496, 15.49949, -23.19498, 1.021165, 0, 3.689414, 0, 5.034122, 53.41733, 15.99994, -17.60361, -0.9757648, 0, 0, -48.98297, -0.9999904, 43.54991, 0.999985, 37.88488, 0.999923, -12.69557, -0.9196797, -36.67853, 0.2003832, 24.80039, 0.9979749, 13.35555, 4.828695, 0, 2.5, 
8, 1, 439, 6, 16, 6, 6, -51.61535, 9.154604E-07, -3.728245, 0.1265226, 28.27661, 15.96538, 0, 6.109887, -31.66425, 1.001342, 2.61769, 7.216829, -37.14858, 1.000511, -12.89296, -0.9233991, -20.80011, -0.9890277, 0, 0, -33.12542, 0.2002025, 0, 0.5, -1.060773, -0.131825, 0, 2.889414, -40.85229, 3.668623E-05, 0, 2.5, 4.97722, 4.96577, 
9, 1, 156, 16, 19, 7, 5, 13.18081, 0.908479, 9.520988, 0.7990307, 0, 5.034122, 10.01003, 16.54101, 0, 3.689414, -21.8409, 1.02343, 2.856025, 7.434774, 0, 0, -10.71894, -0.8716403, 43.09768, 0.9999582, 0, 0.6, 0, 0.5, 15.03093, 0.9543912, 7.330891, 7.169303, -4.079878, 0.2650333, -10.72235, 0.3206427, -34.42544, 5.60006E-15, 
10, 1, 30, 1, 2, 2, 7, 0, 0.2689414, 0, 0.2689414, 0, 5.034122, 6.616335, 13.50067, -8.338754, 1.437433, -45.44319, 1.000064, 0, 5.034122, 41.57927, 0.9999388, -52.5542, -0.9999961, -6.174903, -0.6480114, 0, 0.6, -5.228567, 0.2129655, 0, 0, 27.41076, 10.17136, -25.49026, 0.001704864, -24.43415, 0.01109433, 3.956215, 4.906119, 
11, 1, 231, 8, 21, 1, 0, 5.862493, 0.6143473, 0, 0.2689414, 7.626437, 11.68459, 19.10039, 19.57401, 0, 3.689414, 2.550963, 7.156192, -19.4777, 1.042248, -22.43471, -0.9926949, 0, 0, -23.94994, -0.9949926, 0, 0.6, 33.86868, 0.9997898, 0, 0, 8.861202, 7.912355, -22.08966, 0.003980276, -29.44702, 0.003173399, 52.65218, 5, 
12, 1, 478, 5, 24, 5, 3, -11.21124, 0.02182123, 0, 0.2689414, 11.96824, 14.19941, 20.25246, 19.67881, 14.96592, 10.3943, -1.518541, 4.016014, -28.96385, 1.003953, 0, 0, 1.041648, 0.1294751, -6.44747, -0.667341, 5.845382, 0.8493907, 0, 0.5, -19.05334, -0.9830704, -0.2965749, 2.746159, 0, 0.5, 0, 2.5, 30.61144, 5, 
13, 1, 107, 12, 6, 6, 3, -18.81768, 0.003320152, 0, 0.2689414, 4.49797, 8.966245, 0, 6.109887, 35.0415, 10.99574, 3.56531, 8.092878, 4.934241, 9.371891, -16.36154, -0.9670852, 10.90283, 0.8770532, -9.49769, -0.829712, 0, 0.6, -51.37015, 2.645794E-06, 0, 0, 1.55553, 3.718044, 0, 0.5, 0, 2.5, 27.46847, 5, 
14, 1, 171, 23, 2, 0, 0, -34.05773, 7.377384E-05, 0, 0.2689414, 0, 5.034122, 27.92206, 19.9521, 16.02585, 10.52865, -35.26615, 1.000818, 0, 5.034122, -34.10947, -0.9996041, -34.18507, -0.9996116, -48.95681, -0.9999903, 0, 0.6, 20.51417, 0.9941097, -9.243545, -0.8195492, 22.17074, 10.09467, 7.079578, 0.8544446, 0, 2.5, -0.4116156, 1.992624, 
15, 1, 443, 22, 0, 3, 5, 9.77014, 0.8088469, 0, 0.2689414, 0, 5.034122, -9.217048, 1.67308, -14.34299, 1.100932, 2.407415, 7.026367, 45.99417, 15.99959, 45.70097, 0.9999782, 0, 0, 18.29732, 0.9795841, 12.28245, 0.9645313, -11.73705, 0.05048558, 19.13904, 0.9834262, 24.51491, 10.14111, 0, 0.5, -12.28082, 0.2217658, -4.47654, 0.05622408, 
16, 1, 480, 20, 2, 6, 0, 4.624799, 0.5389708, -16.9065, 0.005342919, 0, 5.034122, 0, 6.109887, 15.88976, 10.51313, 0, 5.034122, 0, 5.034122, -52.83337, -0.9999963, 0.9072477, 0.1129223, 0, 0, 0, 0.6, 0, 0.5, 0, 0, 0, 2.889414, -9.086985, 0.09349012, -14.32152, 0.1355486, 14.55898, 4.999998, 
17, 1, 477, 11, 0, 7, 3, 16.21947, 0.9549922, -16.05062, 0.006609248, 24.15121, 15.90331, -6.594563, 2.255384, 0, 3.689414, -28.13215, 1.004867, -11.23715, 1.325251, -5.726443, -0.6143044, -4.048814, -0.4669023, -6.348767, -0.6604413, -0.8954553, 0.5554133, 2.064998, 0.6262704, -19.19053, -0.9836364, -1.353314, 2.277851, 0, 0.5, -20.55924, 0.02912337, -29.53536, 7.446072E-13, 
18, 1, 209, 19, 24, 0, 4, -34.67141, 6.32817E-05, -15.2706, 0.008020913, 0, 5.034122, -19.94834, 1.047589, 9.164157, 8.84323, -30.6833, 1.002572, 3.377516, 7.917596, 0, 0, -26.38776, -0.9972746, -14.37554, -0.9464884, -50.82462, 0.2000024, 11.55373, 0.9472716, -15.83856, -0.9625737, 0, 2.889414, -10.14485, 0.07335831, -10.05981, 0.3740825, 0, 2.5, 
19, 1, 285, 21, 6, 4, 0, 22.17279, 0.9894727, -13.30475, 0.01304542, 2.68034, 7.27392, 0, 6.109887, 0, 3.689414, -25.44538, 1.009524, 26.72925, 15.94909, -3.860507, -0.4482942, 33.56371, 0.9995463, 8.666639, 0.7944307, 0, 0.6, -33.42052, 0.0002351314, -2.84991, -0.3418967, 0, 2.889414, 0, 0.5, -60.86049, 1.233464E-06, 40.10915, 5, 
20, 1, 496, 23, 12, 7, 5, 24.4231, 0.9939749, -9.42755, 0.03367035, -12.87522, 1.217542, 0, 6.109887, 0, 3.689414, 21.81986, 15.82769, 0, 5.034122, 0, 0, 0, 0, -14.1031, -0.9428247, 0, 0.6, 0, 0.5, 20.90606, 0.989313, 14.99922, 9.599023, 0, 0.5, -4.559466, 1.211724, 0, 2.5, 
21, 1, 444, 14, 4, 6, 6, 0, 0.2689414, -9.038997, 0.03697814, -42.99582, 1.000118, 0, 6.109887, -11.51666, 1.202496, 7.891659, 11.8855, 33.84758, 15.99139, 8.223706, 0.7730902, 6.753525, 0.6880223, 18.4416, 0.9803003, 28.07055, 0.9992839, 50.94632, 0.9999971, 10.80002, 0.8740538, 14.29735, 9.491917, -73.13173, 1.147687E-08, 0, 2.5, 9.287992, 4.999537, 
22, 1, 277, 18, 15, 4, 3, 18.78424, 0.97578, 5.270752, 0.5787607, -2.480538, 3.477795, 0, 6.109887, -7.533673, 1.529794, 0, 5.034122, -19.728, 1.039692, 3.01427, 0.3599111, 0, 0, -18.36635, -0.97993, 21.08253, 0.9959087, -15.45547, 0.02055531, -14.424, -0.9471158, 6.038183, 6.447, -7.410051, 0.1355782, -27.42243, 0.005262117, -4.675159, 0.04618957, 
23, 1, 444, 8, 7, 0, 1, 0, 0.2689414, 0, 0.2689414, -14.04722, 1.162891, 33.5317, 19.98819, -36.59508, 1.000391, 65.7869, 16, 17.83659, 15.54254, -10.88564, -0.8765564, 0, 0, -8.911494, -0.8054496, -11.62392, 0.241487, 32.0404, 0.999668, 0, 0, 0, 2.889414, 0, 0.5, 4.169832, 3.69662, -7.423066, 0.002984792, 
24, 1, 277, 24, 25, 2, 7, 0, 0.2689414, 10.42368, 0.8328443, 0, 5.034122, 19.42415, 19.60644, 0, 3.689414, 0, 5.034122, -7.949976, 1.719911, 0, 0, 4.14151, 0.4759142, 49.19872, 0.9999909, 0, 0.6, 3.362151, 0.6985785, -30.19945, -0.9989482, 3.269287, 4.74457, -23.57722, 0.002747518, -1.696826, 1.977553, 0, 2.5, 
25, 1, 200, 20, 8, 4, 6, 23.09827, 0.9916289, 0, 0.2689414, -2.035427, 3.716624, 11.67145, 17.5661, 45.39749, 10.99968, 0, 5.034122, 0, 5.034122, 0, 0, 13.00787, 0.9254875, -27.06324, -0.9976977, 0, 0.6, 0, 0.5, 0, 0, 53.26045, 10.19995, 0, 0.5, 0, 2.5, 0, 2.5, 
26, 1, 19, 21, 23, 2, 4, 0, 0.2689414, 15.93343, 0.9518166, 0, 5.034122, -5.987339, 2.445527, -34.43236, 1.000672, 15.73103, 15.24163, -27.16322, 1.0062, 0, 0, 0, 0, 8.809673, 0.8009329, 0, 0.6, -9.02784, 0.09475081, -33.12864, -0.9994941, 0, 2.889414, 6.160396, 0.8234791, -0.9144823, 2.215463, 19.7632, 5, 
27, 1, 30, 1, 20, 2, 0, -5.820761, 0.07905983, -31.65856, 0.0001343888, -29.06339, 1.003856, -7.312343, 2.060679, 19.01808, 10.77124, 0, 5.034122, 1.773715, 6.465117, -27.28079, -0.9978194, 0.0958821, 0.01198469, -28.22649, -0.9982781, 0, 0.6, 0, 0.5, 0, 0, 25.59021, 10.15493, -33.29766, 0.000242464, 12.50341, 4.789733, 0.4712246, 3.078368, 
28, 1, 51, 11, 21, 0, 1, 1.473236, 0.3471272, 0, 0.2689414, -13.71413, 1.17687, -5.26665, 2.705295, 34.4547, 10.99507, 9.400043, 12.91197, -31.67128, 1.002009, -0.6355979, -0.07928299, 45.15448, 0.999975, 0, 0, -10.86691, 0.2495949, -10.59334, 0.06609166, -7.452883, -0.7313438, 1.20942, 3.523345, 0, 0.5, 18.83637, 4.955338, 0, 2.5, 
29, 1, 458, 23, 1, 1, 4, 0, 0.2689414, 0, 0.2689414, -34.23249, 1.001059, 0, 6.109887, 34.36629, 10.99496, 10.40622, 13.48353, 11.65681, 14.07236, -16.0378, -0.9643599, 8.438986, 0.7836937, -38.43589, -0.9998658, 10.90885, 0.9508907, -24.22362, 0.002338499, 0, 0, -2.968759, 1.69035, 24.51404, 0.9978249, 38.42349, 4.999663, -90.45233, 0, 
Slime ID, Wave Number, Player Distance Fitness, Parent One, Parent Two, Main Type, Secondary Type,Main Resistance Gene, Main Resistance Trait, Secondary Resistance Gene, Secondary Resistance Trait, Slime View Range Gene, Slime View Range Trait, Tower View Range Gene, Tower View Range Trait, Player View Range Gene, Player View Range Trait, Wall View Range Gene, Wall View Range Trait, Sheep View Range Gene, Sheep View Range Trait, Slime Attraction Gene, Slime Attraction Trait, Tower Attraction Gene, Tower Attraction Trait, Player Attraction Gene, Player Attraction Trait, Wall Attraction Gene, Wall Attraction Trait, Sheep Attraction Gene, Sheep Attraction Trait, Slime Optimal Distance Gene, Slime Optimal Distance Trait, Speed Gene, Speed Trait, Turn Rate Gene, Turn Rate Trait, Sprint Duration Gene, Sprint Duration Trait, Sprint Cooldown Gene, Sprint Cooldown Trait, 
0, 2, 210, 8, 11, 2, 4, -51.11082, 1.038529E-06, -3.728245, 0.1265226, 37.10571, 15.99618, -30.87738, 1.003104, -8.526801, 1.418184, 2.61769, 7.216829, -7.553684, 1.790934, -8.417334, -0.7826473, 18.76777, 0.9818289, -13.65565, -0.9362731, -34.20184, 0.2001547, 9.628078, 0.917361, -1.060773, -0.131825, 0, 2.889414, -25.56827, 0.001671991, 39.14104, 4.999719, 5.346977, 4.9763, 
1, 2, 377, 22, 8, 2, 1, 43.23367, 0.999945, -24.4059, 0.0008232109, -102.6049, 1, 6.966271, 13.86943, 46.06745, 10.99973, -54.61844, 1.000006, 26.72925, 15.94909, -3.860507, -0.4482942, 13.27141, 0.9300724, 3.164403, 0.3761353, 45.15213, 0.99999, 19.20549, 0.9918485, 40.57998, 0.9999214, -28.40063, 0.203034, 17.08616, 0.9862319, 9.020658, 4.525476, -2.066953, 0.5617529, 
2, 2, 414, 4, 22, 7, 0, 9.487822, 0.7976959, -23.90419, 0.0009331167, -4.689331, 2.53394, 0.6568675, 6.746049, -60.35136, 1.000001, -21.16975, 1.027702, -6.81706, 1.940832, 6.799249, 0.6910204, 0, 0, 18.4416, 0.9803003, 30.24636, 0.9995842, 19.25654, 0.991951, 11.47712, 0.8926135, -18.22264, 0.2385063, -73.13173, 1.147687E-08, 0, 2.5, 9.287992, 4.999537, 
3, 2, 10, 17, 6, 1, 0, 65.29382, 0.9999998, 11.62923, 0.8707163, -43.24455, 1.000111, 60.1879, 19.99998, 24.33356, 10.93839, 0, 5.034122, 65.20747, 16, -96.49879, -1, 12.49881, 0.9158006, -32.93014, -0.9994684, 29.70398, 0.9995238, 0, 0.5, 11.47712, 0.8926135, 27.4955, 10.17196, -12.65233, 0.04057884, -42.92342, 0.0001092974, 14.55898, 4.999998, 
4, 2, 320, 1, 20, 3, 3, 34.65436, 0.9995306, 1.77607, 0.3644775, -31.48529, 1.002105, -33.27292, 1.001706, -101.6206, 1, 6.678845, 10.92158, -28.96385, 1.003953, -13.32086, -0.9309019, -15.38268, -0.9581503, 17.30785, 0.9739291, 39.42913, 0.9999581, -40.82378, 3.694864E-05, 11.47712, 0.8926135, -0.2965749, 2.746159, -3.894068, 0.2741801, 24.11232, 4.987978, 30.99324, 5, 
5, 2, 259, 1, 7, 6, 7, -51.61535, 9.154604E-07, -3.728245, 0.1265226, -0.2929268, 4.821835, 0, 6.109887, 20.34765, 10.83486, 2.61769, 7.216829, -37.14858, 1.000511, 55.86959, 0.9999983, -20.80011, -0.9890277, -24.82968, -0.9959792, -33.31343, 0.2001932, 2.733639, 0.6644992, -19.05334, -0.9830704, 0, 2.889414, -38.93335, 5.92707E-05, 0, 2.5, 4.97722, 4.96577, 
6, 2, 369, 23, 9, 1, 3, -17.25875, 0.004894739, 53.17605, 0.9999954, -25.75377, 1.008818, 11.89877, 17.68417, -8.761212, 1.395323, 4.410952, 8.884929, 43.20897, 15.99917, 10.18363, 0.8545961, 4.14151, 0.4759142, 49.19872, 0.9999909, 0, 0.6, 2.222632, 0.6354473, 4.86812, 0.5430809, -7.899435, 0.6857468, -15.79399, 0.01891883, -3.796698, 1.395254, 5.72292, 4.983703, 
7, 2, 255, 8, 21, 5, 2, -50.72917, 1.142499E-06, -39.83459, 1.740655E-05, 24.15121, 15.90331, -5.976963, 2.448995, -36.23232, 1.000428, -12.69244, 1.227559, -52.84559, 1.00001, -3.123157, -0.3717004, -66.86526, -0.9999999, -5.860044, -0.6245958, -0.8954553, 0.5554133, 15.39446, 0.9791354, -19.19053, -0.9836364, 2.353947, 4.185493, 24.45121, 0.9977906, -19.18522, 0.04096268, -45.38277, 9.760726E-20, 
8, 2, 439, 12, 16, 6, 6, -63.48868, 4.704464E-08, -29.65722, 0.0002216241, 51.00583, 15.99988, -37.25883, 1.00063, 0, 3.689414, -54.30653, 1.000007, 22.90385, 15.86823, -52.83337, -0.9999963, 0.9072477, 0.1129223, -29.35928, -0.9987025, 12.90873, 0.9694756, 31.23068, 0.9995936, -27.00616, -0.9976646, 17.47781, 9.867361, -9.086985, 0.09349012, -24.67248, 0.01045396, -39.44893, 3.685687E-17, 
9, 2, 156, 0, 2, 7, 5, -30.24831, 0.0001911851, -13.30475, 0.01304542, -2.361275, 3.540086, 0, 6.109887, 0, 3.689414, 0, 5.034122, 26.72925, 15.94909, -43.80041, -0.9999649, 30.44124, 0.9990098, 16.75927, 0.970154, 11.3292, 0.9555172, -33.42052, 0.0002351314, -16.10921, -0.9649794, 21.43382, 10.07364, -37.26747, 8.988698E-05, -0.160532, 2.449841, 55.23516, 5, 
10, 2, 30, 15, 21, 2, 7, -8.132964, 0.04594655, -15.10152, 0.00836433, -31.9543, 1.001872, 11.2364, 17.32581, 7.211161, 7.90571, -17.85217, 1.063341, -18.58533, 1.05277, -26.64444, -0.9974438, 0, 0, 15.14488, 0.9556437, 12.84647, 0.9690153, 0, 0.5, 11.47712, 0.8926135, 25.74829, 10.15667, -9.33323, 0.08840176, -26.10478, 0.007312139, -78.67343, 3.400431E-34, 
11, 2, 231, 2, 9, 1, 0, -70.81977, 7.525699E-09, 13.75088, 0.9196587, -16.24798, 1.094396, 1.384459, 7.500176, -52.2545, 1.000008, 2.396386, 7.016429, -4.494736, 2.602242, 5.3992, 0.5881939, 6.753525, 0.6880223, 12.05911, 0.9064745, 28.07055, 0.9992839, 61.47332, 0.9999998, 10.80002, 0.8740538, 0, 2.889414, -80.62412, 1.763386E-09, 3.718517, 3.585, 4.97722, 4.96577, 
12, 2, 478, 19, 6, 5, 3, -40.68502, 1.407277E-05, 8.604679, 0.7597245, -22.48078, 1.019971, 3.781791, 10.24094, -3.387432, 2.362422, 10.96961, 13.76488, -7.949976, 1.719911, -4.621367, -0.5209705, -32.36521, -0.9993878, 3.931541, 0.4553607, -48.81279, 0.200004, 41.76982, 0.9999709, -25.52947, -0.9966235, 3.269287, 4.74457, 0, 0.5, -1.866787, 1.926992, -6.600362, 0.006790147, 
13, 2, 107, 15, 21, 6, 3, -44.08935, 6.008457E-06, -3.438446, 0.1347484, -16.88241, 1.080625, -66.10396, 1, 16.74504, 10.60314, -1.518541, 4.016014, 16.56764, 15.37883, 0, 0, 1.041648, 0.1294751, 3.100996, 0.3693105, 5.845382, 0.8493907, -28.84599, 0.000737506, 54.26655, 0.9999974, 21.19023, 10.06581, 25.64873, 0.9983612, 5.922937, 4.073417, 25.35879, 5, 
14, 2, 171, 2, 15, 0, 0, 50.08249, 0.9999901, -15.10152, 0.00836433, 12.65028, 14.45256, 11.2364, 17.32581, -48.46652, 1.00002, -5.069802, 2.407822, 11.7106, 14.09484, -3.123157, -0.3717004, -4.889863, -0.5449943, 13.82053, 0.9387677, 21.19748, 0.9960241, -29.52282, 0.0006227741, 16.74601, 0.9700564, 0, 2.889414, 22.82969, 0.9966898, 0, 2.5, -47.08588, 1.777588E-20, 
15, 2, 443, 12, 5, 3, 5, 18.78424, 0.97578, -4.753821, 0.100792, -54.36521, 1.000007, 12.3223, 17.89102, -27.49524, 1.003804, 0, 5.034122, -19.728, 1.039692, 4.475627, 0.5075718, 56.09062, 0.9999984, -18.36635, -0.97993, 21.08253, 0.9959087, -6.529284, 0.1635127, 14.02865, 0.9417817, 0, 2.889414, -17.50573, 0.01241408, 37.07975, 4.999529, 23.27317, 5, 
16, 2, 480, 16, 1, 6, 0, 61.28163, 0.9999994, -15.10152, 0.00836433, -29.03308, 1.003886, 0, 6.109887, -60.35136, 1.000001, 2.162592, 6.807093, -88.13195, 1, -42.76924, -0.9999546, 0, 0, -5.860044, -0.6245958, 30.24636, 0.9995842, -0.8244506, 0.4486535, 15.66555, 0.9609518, 1.74537, 3.827016, -8.121874, 0.1160409, 7.420064, 4.323575, 37.81649, 5, 
17, 2, 477, 27, 21, 7, 3, 5.862493, 0.6143473, 5.527384, 0.5943183, 46.67817, 15.99965, -5.9487, 2.458481, -3.59104, 2.303622, -26.30078, 1.007691, 34.58897, 15.99284, -30.63636, -0.999057, 18.65948, 0.9813349, -23.94994, -0.9949926, -11.21242, 0.2457253, 58.31475, 0.9999995, 1.103162, 0.1370278, -15.94434, 0.26786, -22.08966, 0.003980276, 2.149555, 3.156024, 52.65218, 5, 
18, 2, 209, 1, 28, 0, 4, 22.17279, 0.9894727, 7.704991, 0.7163134, 1.253366, 6.021652, 19.42415, 19.60644, -31.24779, 1.001489, 0, 5.034122, -4.624656, 2.55635, 0, 0, -38.52835, -0.9998688, -6.578504, -0.6763268, -14.20728, 0.2222986, -23.57279, 0.002750556, -31.1859, -0.999178, 2.681638, 4.383403, -8.692299, 0.1021946, -60.86049, 1.233464E-06, -21.529, 2.233794E-09, 
19, 2, 285, 20, 21, 4, 0, -16.98327, 0.005241887, -9.038997, 0.03697814, 13.11575, 14.60676, 18.73999, 19.53483, -1.324309, 3.089812, 21.32999, 15.80553, -68.26049, 1, 15.55541, 0.9598835, 43.18792, 0.9999591, 3.100996, 0.3693105, -54.1279, 0.2000011, -9.047695, 0.0943259, -43.59275, -0.999963, 0, 2.889414, 62.31926, 0.9999998, 0, 2.5, -4.536325, 0.05299582, 
20, 2, 496, 7, 12, 7, 5, 0, 0.2689414, 0, 0.2689414, -20.39784, 1.033586, 20.25246, 19.67881, 14.96592, 10.3943, -34.24356, 1.001056, 11.28866, 13.91239, 4.739457, 0.5316426, 2.290428, 0.278729, -38.14435, -0.9998556, -11.62392, 0.241487, 21.14442, 0.9949641, 28.80375, 0.9985093, 0, 2.889414, 6.354569, 0.830425, 45.45323, 4.999942, -7.423066, 0.002984792, 
21, 2, 444, 4, 20, 6, 6, 82.54041, 1, 18.8727, 0.9762972, -83.08078, 1, 23.30836, 19.84902, 1.183489, 4.308977, 36.86449, 15.99595, 23.79965, 15.89449, -18.68336, -0.981445, 20.88974, 0.9892695, 5.375593, 0.5862605, 27.4272, 0.9991591, 0, 0.5, -34.58149, -0.9996482, 22.11666, 10.09326, -40.7103, 3.801184E-05, -20.6912, 0.02818361, 39.20088, 5, 
22, 2, 277, 8, 6, 4, 3, -34.67141, 6.32817E-05, 0, 0.2689414, 0, 5.034122, -26.40232, 1.009498, -14.34299, 1.100932, 2.407415, 7.026367, 75.86752, 16, 45.70097, 0.9999782, 23.79583, 0.9947965, -0.3455286, -0.04316422, 25.54365, 0.9986542, -11.73705, 0.05048558, 76.18068, 1, 48.86702, 10.19987, -10.14485, 0.07335831, -7.469626, 0.6692104, -20.78432, 4.70386E-09, 
23, 2, 444, 4, 28, 0, 1, -51.61535, 9.154604E-07, 9.242266, 0.7876079, 6.309231, 10.60672, 15.88282, 19.07343, -31.66425, 1.001342, -3.429157, 3.02529, -53.01551, 1.00001, -25.44876, -0.9965548, -16.62431, -0.9691457, 14.06009, 0.9422244, -35.75301, 0.200105, 37.88488, 0.999923, 28.71078, 0.9984743, 0, 2.889414, -49.17629, 4.578787E-06, 2.300591, 3.199751, 4.97722, 4.96577, 
24, 2, 277, 23, 19, 2, 7, 32.97349, 0.9992856, 0, 0.2689414, 0, 5.034122, 19.42415, 19.60644, 25.54004, 10.95436, -13.95721, 1.166557, 22.5018, 15.85444, 4.568945, 0.5161799, 17.33751, 0.9741192, 49.19872, 0.9999909, -12.53688, 0.233374, 14.2882, 0.9726697, -26.08926, -0.9970638, 26.22771, 10.16154, 5.98032, 0.8168395, -1.455027, 2.050252, -16.28454, 4.233367E-07, 
25, 2, 200, 17, 23, 4, 6, -51.61535, 9.154604E-07, 25.52917, 0.9954238, 7.844053, 11.84987, -9.005638, 1.708249, 0, 3.689414, 43.08796, 15.99914, 22.07817, 15.83835, -12.89296, -0.9233991, -7.216971, -0.7173292, -14.1031, -0.9428247, 12.6494, 0.9675141, 0, 0.5, -10.34911, -0.8600765, 8.803998, 7.887025, -4.288293, 0.255009, -30.55353, 0.002406878, 4.97722, 4.96577, 
26, 2, 19, 12, 6, 2, 4, 0, 0.2689414, -42.08313, 9.921633E-06, -50.95384, 1.000016, 45.04098, 19.99933, 16.22307, 10.55031, 10.40648, 13.48367, 33.84758, 15.99139, 8.223706, 0.7730902, 36.38577, 0.9997759, -18.73283, -0.9816709, -11.62392, 0.241487, -3.143726, 0.3130429, -21.83563, -0.9915197, 15.23467, 9.631425, -47.746, 6.546986E-06, 14.30433, 4.863884, 13.11108, 4.99999, 
27, 2, 30, 6, 2, 2, 0, 24.4231, 0.9939749, -9.42755, 0.03367035, -29.32166, 1.003615, -7.099411, 2.115268, 0, 3.689414, 36.12085, 15.99512, 12.08149, 14.24379, 0, 0, 64.94135, 0.9999998, -14.1031, -0.9428247, 9.701037, 0.9349867, 0, 0.5, -4.7985, -0.5369161, 20.43277, 10.03828, 39.81593, 0.9999524, -4.559466, 1.211724, 15.77591, 5, 
28, 2, 51, 23, 4, 0, 1, -56.11993, 2.968668E-07, -3.091023, 0.1452, -8.361195, 1.652638, 19.10039, 19.57401, 17.25325, 10.64883, 2.961266, 7.531622, -26.70004, 1.006961, 39.32652, 0.9998925, 10.14815, 0.8533957, 32.99641, 0.9994771, 37.81528, 0.9999373, 33.86868, 0.9997898, 0, 0, 14.29735, 9.491917, -95.35084, 4.440324E-11, -42.14029, 0.0001329337, -20.77396, 4.752867E-09, 
29, 2, 458, 1, 20, 1, 4, 39.05463, 0.9998437, -15.95359, 0.006770428, -4.972354, 2.43921, -38.00217, 1.000523, 37.45874, 10.99767, 65.7869, 16, 1.205162, 5.981476, -12.79652, -0.9216031, 0, 0, 0, 0, 12.84647, 0.9690153, 8.895922, 0.9023824, 103.6392, 1, 0, 2.889414, 15.36945, 0.9790072, 4.169832, 3.69662, -26.06467, 2.394571E-11, 
Slime ID, Wave Number, Player Distance Fitness, Parent One, Parent Two, Main Type, Secondary Type,Main Resistance Gene, Main Resistance Trait, Secondary Resistance Gene, Secondary Resistance Trait, Slime View Range Gene, Slime View Range Trait, Tower View Range Gene, Tower View Range Trait, Player View Range Gene, Player View Range Trait, Wall View Range Gene, Wall View Range Trait, Sheep View Range Gene, Sheep View Range Trait, Slime Attraction Gene, Slime Attraction Trait, Tower Attraction Gene, Tower Attraction Trait, Player Attraction Gene, Player Attraction Trait, Wall Attraction Gene, Wall Attraction Trait, Sheep Attraction Gene, Sheep Attraction Trait, Slime Optimal Distance Gene, Slime Optimal Distance Trait, Speed Gene, Speed Trait, Turn Rate Gene, Turn Rate Trait, Sprint Duration Gene, Sprint Duration Trait, Sprint Cooldown Gene, Sprint Cooldown Trait, 
0, 3, 210, 8, 11, 2, 4, -62.98414, 5.336898E-08, -29.65722, 0.0002216241, 59.83493, 15.99999, -68.13622, 1, -60.7813, 1.000001, -54.30653, 1.000007, 7.429276, 11.5315, -48.35774, -0.9999887, 25.52129, 0.9966166, -43.01493, -0.9999573, -6.131289, 0.3420649, 37.23271, 0.9999093, -27.00616, -0.9976646, 17.47781, 9.867361, 6.19704, 0.8248068, 14.46857, 4.869216, -39.07917, 5.334608E-17, 
1, 3, 377, 14, 2, 2, 1, -32.03191, 0.0001224143, -23.44086, 0.001047589, 44.37722, 15.99938, -26.40232, 1.009498, 25.48637, 10.95375, 39.45341, 15.99788, 22.90385, 15.86823, 53.06213, 0.9999965, 18.93517, 0.9825671, 20.27221, 0.9874894, 36.07026, 0.999903, 31.23068, 0.9995936, -36.31846, -0.9997721, 17.47781, 9.867361, 27.24256, 0.9988992, 4.642869, 3.807315, -56.07465, 2.218493E-24, 
2, 3, 414, 17, 2, 7, 0, -45.32531, 4.411343E-06, 1.77607, 0.3644775, 3.295074, 7.840837, -18.20927, 1.073406, -14.34299, 1.100932, 6.678845, 10.92158, 4.22333, 8.709317, 8.447153, 0.7840873, 35.5151, 0.9997214, 35.11276, 0.999692, 39.42913, 0.9999581, -11.73705, 0.05048558, 11.47712, 0.8926135, -0.2965749, 2.746159, -9.169814, 0.0917499, 40.86221, 4.999817, -10.59089, 0.0001257176, 
3, 3, 10, 20, 15, 1, 0, -18.78173, 0.003350023, 5.527384, 0.5943183, 76.67995, 16, -22.14504, 1.027508, -8.497599, 1.421119, 14.94109, 15.08614, 58.65776, 15.99998, -62.26023, -0.9999996, -7.258573, -0.7198442, -17.82653, -0.9770634, -43.31725, 0.2000159, 49.6758, 0.9999959, 26.87402, 0.9975863, -22.52847, 0.2131564, -15.79399, 0.01891883, 16.48045, 4.920084, 52.65218, 5, 
4, 3, 320, 19, 15, 3, 3, 19.36179, 0.9789678, 0, 0.2689414, -102.6049, 1, -37.27816, 1.000627, 46.06745, 10.99973, -80.06934, 1, 23.01902, 15.87194, -3.860507, -0.4482942, 16.72258, 0.9698831, -8.57575, -0.7902018, -11.62392, 0.241487, 18.3585, 0.9899455, 40.57998, 0.9999214, -28.40063, 0.203034, 14.03785, 0.9709558, -18.7655, 0.04545334, -2.128392, 0.5318388, 
5, 3, 259, 24, 19, 6, 7, -50.72917, 1.142499E-06, -40.5205, 1.466363E-05, -126.5658, 1, 0.04346752, 6.150584, -36.86677, 1.000365, -37.91007, 1.000422, -52.84559, 1.00001, -0.5277383, -0.06587176, 24.17508, 0.995266, 13.79885, 0.938445, 0.9202805, 0.6458122, 9.925169, 0.9228199, 40.57998, 0.9999214, -39.62366, 0.2001835, 64.67644, 0.9999999, 9.020658, 4.525476, -2.066953, 0.5617529, 
6, 3, 369, 24, 8, 1, 3, -0.6558952, 0.237946, 51.3578, 0.9999928, 6.309231, 10.60672, 0, 6.109887, -55.47828, 1.000003, 0, 5.034122, -35.94622, 1.00069, 2.941475, 0.3519646, 66.44588, 0.9999999, 9.785524, 0.8405928, -35.75301, 0.200105, -34.2076, 0.0001931403, -41.60675, -0.9999393, 4.766629, 5.677682, -37.26747, 8.988698E-05, 2.300591, 3.199751, 4.97722, 4.96577, 
7, 3, 255, 7, 8, 5, 2, 74.96638, 1, -0.6010494, 0.2404412, -82.47005, 1, 23.30836, 19.84902, 26.59914, 10.96494, -25.08712, 1.010416, 14.28507, 14.93484, -9.903809, -0.8448774, 20.88974, 0.9892695, 17.86966, 0.9773065, 48.30353, 0.9999955, 24.443, 0.997786, -78.06085, -1, 36.74472, 10.19722, -9.086985, 0.09349012, -42.58736, 0.0001188764, -52.65032, 6.811243E-23, 
8, 3, 439, 13, 17, 6, 6, 61.28163, 0.9999994, -15.10152, 0.00836433, -9.69879, 1.472987, 49.08052, 19.99976, 4.902079, 6.561422, 41.18157, 15.99862, -88.13195, 1, 47.73758, 0.9999869, -6.858398, -0.6948639, -4.215181, -0.483006, 30.30451, 0.9995902, 36.79811, 0.9998989, 50.76827, 0.9999939, 39.47094, 10.19859, -8.121874, 0.1160409, 19.884, 4.965558, 25.99488, 5, 
9, 3, 156, 17, 25, 7, 5, -37.60353, 3.040472E-05, -18.88395, 0.003265775, 60.07665, 15.99999, 17.30407, 19.3409, -37.95718, 1.000278, -20.92817, 1.029424, -6.81706, 1.940832, -8.417334, -0.7826473, 8.882575, 0.8041762, 35.03107, 0.9996856, -34.20184, 0.2001547, 18.46695, 0.9902118, 50.29711, 0.9999931, -45.93509, 0.2000379, -31.53454, 0.0003767186, -31.27274, 0.002010948, -15.29158, 1.14267E-06, 
10, 3, 30, 5, 8, 2, 7, 8.579372, 0.7585677, 2.410036, 0.4019153, -44.70629, 1.000077, 23.30836, 19.84902, 12.49092, 9.930929, 23.82487, 15.89515, 10.86658, 13.71544, -24.6547, -0.9957998, 8.226004, 0.7732057, -16.72729, -0.9699181, 5.08095, 0.8246267, 12.02301, 0.9528334, 23.86247, 0.9948822, 14.30002, 9.492355, -31.82941, 0.0003499562, -20.6912, 0.02818361, 23.27317, 5, 
11, 3, 231, 20, 16, 1, 0, -22.92196, 0.001192523, -8.457598, 0.04251719, -2.361275, 3.540086, 10.49509, 16.87098, 0, 3.689414, 9.213186, 12.79584, -6.81706, 1.940832, 26.78649, 0.9975329, 26.53223, 0.9973712, 18.4416, 0.9803003, 11.3292, 0.9555172, -1.426836, 0.4117565, -20.84698, -0.9891548, 12.09673, 9.033129, -73.13173, 1.147687E-08, 17.31316, 4.934908, -8.352828, 0.001178367, 
12, 3, 478, 15, 14, 5, 3, -33.93731, 7.602844E-05, -9.038997, 0.03697814, -22.45305, 1.02011, 47.51807, 19.99964, -8.761212, 1.395323, 34.98944, 15.99352, -72.29466, 1, 22.18419, 0.9922246, 43.18792, 0.9999591, 3.100996, 0.3693105, -48.78934, 0.200004, -9.047695, 0.0943259, 50.40199, 0.9999933, 0, 2.889414, -15.79399, 0.01891883, 20.10715, 4.967414, 5.72292, 4.983703, 
13, 3, 107, 16, 2, 6, 3, -13.61566, 0.01208161, -4.753821, 0.100792, -120.8661, 1, 23.30836, 19.84902, -27.49524, 1.003804, 2.526674, 7.134164, 0.9117184, 5.740471, 4.475627, 0.5075718, 56.09062, 0.9999984, 21.47784, 0.9907299, 23.84258, 0.9979427, 61.9606, 0.9999998, 38.3922, 0.9998643, 3.68685, 5.004381, -40.7103, 3.801184E-05, 17.87282, 4.943311, 31.46822, 5, 
14, 3, 171, 16, 1, 0, 0, 52.90942, 0.9999951, -34.69795, 6.28632E-05, -4.689331, 2.53394, 48.31955, 19.99971, -46.6013, 1.000032, 13.78491, 14.80428, -7.599375, 1.782419, -19.18331, -0.9836072, -23.03812, -0.9937146, -26.04121, -0.9970284, 29.27687, 0.9994702, -5.715018, 0.1932928, 11.47712, 0.8926135, -18.22264, 0.2385063, 15.44346, 0.9793842, 41.23924, 4.999834, 9.287992, 4.999537, 
15, 3, 443, 6, 4, 3, 5, -43.92646, 6.258187E-06, 28.14286, 0.9976139, -17.4986, 1.069168, 13.59661, 18.41849, -3.387432, 2.362422, 2.61769, 7.216829, -37.14858, 1.000511, -20.45851, -0.9880553, -54.23303, -0.9999974, -3.833618, -0.4456045, -8.224216, 0.2907537, 2.733639, 0.6644992, -39.62838, -0.9999003, -9.546252, 0.5271806, 0, 0.5, -23.16106, 0.01523928, 4.97722, 4.96577, 
16, 3, 480, 20, 8, 6, 0, 72.14919, 0.9999999, -24.4059, 0.0008232109, -99.49112, 1, -11.11295, 1.424687, -60.74542, 1.000001, -71.95502, 1, 26.72925, 15.94909, -23.7668, -0.9947587, -11.67925, -0.8976343, -2.041323, -0.249768, 45.15213, 0.99999, -19.38639, 0.007793841, 55.08707, 0.9999979, -28.65063, 0.2028502, 33.55379, 0.9997725, 7.420064, 4.323575, 26.13987, 5, 
17, 3, 477, 16, 7, 7, 3, 82.54041, 1, 18.8727, 0.9762972, -29.32166, 1.003615, 17.1108, 19.30946, 1.183489, 4.308977, 57.72393, 15.99998, 69.73441, 16, -17.36573, -0.9742988, 20.88974, 0.9892695, 19.71997, 0.9856505, 27.4272, 0.9991591, 0, 0.5, -18.46656, -0.9804217, -34.42673, 0.2006727, -40.7103, 3.801184E-05, 5.639207, 4.018673, 39.20088, 5, 
18, 3, 209, 18, 7, 0, 4, -56.11993, 2.968668E-07, -48.13402, 2.185849E-06, -9.273133, 1.524239, 19.10039, 19.57401, 17.25325, 10.64883, -13.38631, 1.191782, -25.06123, 1.010484, -11.63659, -0.8965935, 13.27141, 0.9300724, 15.5805, 0.9601294, 19.11345, 0.9933283, 19.20549, 0.9918485, 50.89477, 0.999994, 14.29735, 9.491917, 18.23891, 0.9896435, -42.14029, 0.0001329337, -3.711407, 0.1192995, 
19, 3, 285, 8, 9, 4, 0, 69.71753, 0.9999999, 18.8727, 0.9762972, -37.72181, 1.000443, 20.25246, 19.67881, 15.84898, 10.50839, 45.56563, 15.99954, 40.89375, 15.99852, -40.59293, -0.9999217, 2.290428, 0.278729, -59.59013, -0.9999993, 27.4272, 0.9991591, 33.84921, 0.9997888, -5.667387, -0.6096872, 22.11666, 10.09326, -43.19638, 2.041756E-05, -28.14874, 0.00438913, -18.6492, 3.97854E-08, 
20, 3, 496, 6, 16, 7, 5, -18.75868, 0.003369319, -31.40807, 0.0001430722, -22.48078, 1.019971, -26.24119, 1.009889, -36.23232, 1.000428, 18.81688, 15.63958, 33.89127, 15.99148, -3.123157, -0.3717004, -81.039, -1, -18.30058, -0.9796006, -17.72588, 0.2094057, -55.68696, 8.992174E-07, -9.638153, -0.8351035, 2.353947, 4.185493, 37.36773, 0.9999123, -20.96864, 0.02630499, -52.42921, 8.496737E-23, 
21, 3, 444, 20, 5, 6, 6, 34.65436, 0.9995306, 0, 0.2689414, -49.99305, 1.000021, -50.32635, 1.000024, -7.432359, 1.542647, -34.24356, 1.001056, 44.50345, 15.9994, 41.3561, 0.9999353, -15.38268, -0.9581503, -38.14435, -0.9998556, 12.34916, 0.9650924, -64.38624, 1.02177E-07, -10.33137, -0.8594983, 0, 2.889414, -30.21779, 0.0005235015, 32.54134, 4.998536, 30.99324, 5, 
22, 3, 277, 24, 18, 4, 3, -17.25875, 0.004894739, 71.81218, 0.9999999, 60.64533, 15.99999, 20.02129, 19.66004, -25.31518, 1.006559, 29.83255, 15.97652, 45.0664, 15.99948, -43.86576, -0.9999654, 11.12241, 0.8832372, 76.89076, 1, -14.83704, 0.219128, 3.801928, 0.7212121, -15.84542, -0.9626367, -17.53808, 0.245661, -18.34468, 0.010089, -35.37883, 0.00072061, 5.72292, 4.983703, 
23, 3, 444, 15, 16, 0, 1, 39.97338, 0.9998758, 45.27141, 0.999967, -45.62683, 1.000061, -48.64424, 1.000037, 21.77427, 10.88383, 3.700478, 8.219329, -28.96385, 1.003953, -17.48898, -0.975069, 20.18394, 0.9872121, -8.333633, -0.7785602, 39.42913, 0.9999581, 46.51158, 0.9999911, -9.577512, -0.8327951, -32.5002, 0.2010889, -47.43933, 7.068668E-06, 32.73889, 4.998606, -20.77396, 4.752867E-09, 
24, 3, 277, 8, 4, 2, 7, -28.34208, 0.0003078714, -2.435949, 0.1667293, 6.309231, 10.60672, 1.656891, 7.794482, -35.26621, 1.000545, 21.79088, 15.82645, -53.01551, 1.00001, 52.09164, 0.9999956, 43.18792, 0.9999591, -45.39021, -0.9999764, -72.75543, 0.2, -7.87602, 0.1224958, 28.71078, 0.9984743, -8.205473, 0.6515844, 77.82545, 1, 0, 2.5, 21.77914, 5, 
25, 3, 200, 22, 24, 4, 6, -17.65502, 0.004435122, 45.2327, 0.9999666, 9.532427, 12.99234, -31.42628, 1.002706, -31.66425, 1.001342, -22.08922, 1.022022, 34.58897, 15.99284, -30.63636, -0.999057, 18.65948, 0.9813349, 14.15771, 0.9435781, -79.9054, 0.2, 70.90975, 1, 58.34112, 0.999999, 8.212676, 7.61383, -9.716237, 0.08098346, 9.229843, 4.547465, 4.97722, 4.96577, 
26, 3, 19, 11, 9, 2, 4, -45.60697, 4.111401E-06, 14.12957, 0.9263818, -22.48078, 1.019971, 11.89877, 17.68417, 4.166417, 6.103996, 10.96961, 13.76488, 23.12496, 15.87526, 0.8665266, 0.1078942, -32.98846, -0.9994761, 42.21017, 0.9999477, -33.08993, 0.2002043, 59.75941, 0.9999997, -30.36082, -0.9989898, 12.2131, 9.062782, -15.79399, 0.01891883, -55.97822, 4.18034E-06, -12.10711, 2.760038E-05, 
27, 3, 30, 15, 6, 2, 0, -21.45255, 0.001720982, 53.17605, 0.9999954, -5.684774, 2.223562, 11.89877, 17.68417, -55.42039, 1.000004, -45.9497, 1.000057, 43.20897, 15.99917, 10.18363, 0.8545961, 0, 0, -0.9070663, -0.1128999, 34.76569, 0.9998656, 12.46005, 0.9575077, 11.47712, 0.8926135, -19.55122, 0.2276539, 4.057775, 0.7338889, 0, 2.5, 44.04335, 5, 
28, 3, 51, 17, 15, 0, 1, -28.54667, 0.000292525, 46.36339, 0.9999748, -34.42356, 1.00101, 2.342435, 8.559333, -31.66425, 1.001342, 6.678845, 10.92158, 13.81515, 14.81257, -8.186268, -0.7712005, -33.78339, -0.9995705, 5.780437, 0.6184891, 10.51219, 0.946116, -49.28974, 4.450743E-06, 22.48466, 0.9927853, 27.02107, 10.16844, -3.894068, 0.2741801, 75.3896, 5, 70.72421, 5, 
29, 3, 458, 23, 16, 1, 4, 24.76943, 0.9944718, -59.6583, 1.225711E-07, -11.6844, 1.291512, 20.25246, 19.67881, 36.30139, 10.99689, -34.24356, 1.001056, -7.690571, 1.765683, -43.67131, -0.9999638, 13.27141, 0.9300724, -26.53042, -0.99737, 43.69975, 0.9999856, 58.12963, 0.9999995, 56.22854, 0.9999985, -4.119348, 1.361056, 6.354569, 0.830425, 32.97041, 4.998684, -2.066953, 0.5617529, 
Slime ID, Wave Number, Player Distance Fitness, Parent One, Parent Two, Main Type, Secondary Type,Main Resistance Gene, Main Resistance Trait, Secondary Resistance Gene, Secondary Resistance Trait, Slime View Range Gene, Slime View Range Trait, Tower View Range Gene, Tower View Range Trait, Player View Range Gene, Player View Range Trait, Wall View Range Gene, Wall View Range Trait, Sheep View Range Gene, Sheep View Range Trait, Slime Attraction Gene, Slime Attraction Trait, Tower Attraction Gene, Tower Attraction Trait, Player Attraction Gene, Player Attraction Trait, Wall Attraction Gene, Wall Attraction Trait, Sheep Attraction Gene, Sheep Attraction Trait, Slime Optimal Distance Gene, Slime Optimal Distance Trait, Speed Gene, Speed Trait, Turn Rate Gene, Turn Rate Trait, Sprint Duration Gene, Sprint Duration Trait, Sprint Cooldown Gene, Sprint Cooldown Trait, 
0, 4, 210, 8, 11, 2, 4, 61.78616, 0.9999995, -15.10152, 0.00836433, -0.869688, 4.425857, 18.20314, 19.46988, -8.526801, 1.418184, 41.18157, 15.99862, 5.106951, 9.531194, 52.2132, 0.9999957, 45.3, 0.9999759, -17.87084, -0.9773132, -22.87264, 0.20262, -25.66744, 0.001631113, 50.76827, 0.9999939, 39.47094, 10.19859, 7.16215, 0.8569931, 59.02504, 4.999998, 26.36464, 5, 
1, 4, 377, 5, 8, 2, 1, 58.42374, 0.9999987, -5.274063, 0.08960106, 3.269515, 7.817067, 48.31955, 19.99971, -46.6013, 1.000032, 60.70327, 15.99999, 21.11677, 15.79503, -24.61883, -0.9957621, 71.80978, 0.9999999, 66.02942, 0.9999999, 34.36961, 0.9998516, -11.73705, 0.05048558, 17.98907, 0.9779667, 11.67877, 8.921041, 24.71128, 0.9979293, 36.98003, 4.999517, -10.59089, 0.0001257176, 
2, 4, 414, 6, 25, 7, 0, -30.10161, 0.0001983255, 1.77607, 0.3644775, 4.081071, 8.576001, -46.28069, 1.000066, -66.23763, 1, 124.973, 16, -16.76471, 1.08302, -17.36573, -0.9742988, 1.43187, 0.1770966, 19.71997, 0.9856505, 41.46859, 0.9999748, -11.73705, 0.05048558, 25.64645, 0.9967206, -10.78437, 0.4421921, -40.7103, 3.801184E-05, 40.86221, 4.999817, -7.492048, 0.002785947, 
3, 4, 10, 2, 15, 1, 0, -56.07537, 3.001926E-07, 30.66854, 0.9987296, -22.48078, 1.019971, -39.88345, 1.000327, 2.323684, 4.967372, 15.78934, 15.25206, 45.03227, 15.99947, -61.49529, -0.9999996, -63.90243, -0.9999998, -16.00117, -0.9640379, -24.62336, 0.2016933, 2.733639, 0.6644992, -39.62838, -0.9999003, 22.35378, 10.09934, 37.44557, 0.9999141, -26.80104, 0.006145392, 27.47993, 5, 
4, 4, 320, 15, 5, 3, 3, 69.71753, 0.9999999, 71.35428, 0.9999999, -24.21921, 1.012938, 11.42126, 17.43025, -29.68507, 1.002201, 45.56563, 15.99954, 1.250584, 6.019329, -49.84279, -0.9999923, -6.191369, -0.6492037, -3.833618, -0.4456045, 27.4272, 0.9991591, -8.224663, 0.1134309, -34.15808, -0.9996089, 53.15862, 10.19995, -43.94977, 1.691247E-05, -28.14874, 0.00438913, 5.450533, 4.978622, 
5, 4, 259, 23, 7, 6, 7, 7.402576, 0.7007023, 4.709467, 0.5442258, -83.73227, 1, 20.25246, 19.67881, -35.26621, 1.000545, -45.88912, 1.000057, -31.92952, 1.001884, -46.34711, -0.9999814, 2.290428, 0.278729, -45.39021, -0.9999764, 24.08263, 0.9980623, 27.99155, 0.999087, -5.667387, -0.6096872, 27.60479, 10.17271, -8.004704, 0.1190795, -15.59726, 0.09926823, 4.381929, 4.938266, 
6, 4, 369, 5, 21, 1, 3, 52.15505, 0.9999941, -27.29826, 0.0003996326, 31.01193, 15.98251, 63.05893, 19.99999, -35.26621, 1.000545, 5.295124, 9.703682, -36.17986, 1.000651, 70.98305, 0.9999999, 59.02742, 0.9999992, 30.26167, 0.9989644, 43.41522, 0.9999846, -12.58165, 0.04127242, 43.44456, 0.9999616, 32.56102, 10.19208, -20.45356, 0.005979679, -16.06398, 0.0885294, 43.60512, 5, 
7, 4, 255, 12, 19, 5, 2, 66.79271, 0.9999998, -1.218211, 0.2133998, -23.15921, 1.016859, 86.55006, 20, -5.426897, 1.865328, -9.215157, 1.531621, -107.8575, 1, 15.81332, 0.9623414, -16.45908, -0.9678653, 7.316032, 0.723287, 38.78977, 0.9999509, 36.79811, 0.9998989, -78.06085, -1, 36.74472, 10.19722, -13.51664, 0.03295314, -55.82642, 4.34203E-06, 23.52377, 5, 
8, 4, 439, 14, 12, 6, 6, -13.61566, 0.01208161, -4.753821, 0.100792, -135.5376, 1, 13.50698, 18.3857, 13.52307, 10.15349, 57.72393, 15.99998, 87.31178, 16, 23.57968, 0.9945083, 50.92277, 0.9999941, 1.546896, 0.1909876, 23.84258, 0.9979427, 50.03101, 0.9999963, 18.86922, 0.9822799, -52.79345, 0.2000068, -25.79966, 0.001578161, 17.87282, 4.943311, 9.11524, 4.99945, 
9, 4, 156, 2, 4, 7, 5, 82.54041, 1, -26.46748, 0.0004918373, 46.45188, 15.99963, 6.290995, 13.14855, -31.66425, 1.001342, -39.04165, 1.000318, 69.73441, 16, -17.36573, -0.9742988, -12.26769, -0.911015, 19.40675, 0.9844908, -122.9073, 0.2, 50.97979, 0.9999971, 1.806328, 0.2220306, -49.79153, 0.2000144, -40.7103, 3.801184E-05, 2.214207, 3.174796, 0.09213972, 2.615093, 
10, 4, 30, 12, 20, 2, 7, 56.97585, 0.9999982, -37.45605, 3.154665E-05, 8.446335, 12.28636, 7.470789, 14.38106, -17.38815, 1.047397, 41.18157, 15.99862, -35.94672, 1.00069, -64.92829, -0.9999998, 18.68653, 0.9814596, -12.97275, -0.9248551, 15.39858, 0.9833251, 45.39879, 0.9999882, 37.2173, 0.999818, -33.15859, 0.2009237, -9.571342, 0.08372065, 12.04585, 4.765447, -2.066953, 0.5617529, 
11, 4, 231, 21, 6, 1, 0, 4.856005, 0.553297, -61.92608, 6.952919E-08, -57.9643, 1.000003, -28.55003, 1.005553, -42.22001, 1.000096, -3.381207, 3.046382, 61.63335, 15.99999, -48.20171, -0.9999883, -14.82947, -0.9520916, 39.05779, 0.9998851, -47.38636, 0.2000057, -55.68696, 8.992174E-07, 55.08707, 0.9999979, -28.65063, 0.2028502, 35.91469, 0.9998739, -27.42568, 0.00525785, -52.42921, 8.496737E-23, 
12, 4, 478, 4, 22, 5, 3, -43.92646, 6.258187E-06, -47.93195, 2.299108E-06, -17.4986, 1.069168, -13.4299, 1.240325, 18.04476, 10.71004, -12.36373, 1.246728, -40.41803, 1.000226, 24.6525, 0.9957975, -23.03812, -0.9937146, 9.584519, 0.8330634, 5.654633, 0.8434739, 2.879663, 0.6725885, -23.70771, -0.9946809, -5.860147, 0.9834587, 15.44346, 0.9793842, -23.16106, 0.01523928, 13.05373, 4.99999, 
13, 4, 107, 21, 17, 6, 3, -36.72782, 3.784571E-05, -17.91819, 0.004153895, -92.65176, 1, -26.90529, 1.008376, -14.34299, 1.100932, -56.09698, 1.000005, 56.26846, 15.99997, 0.5625076, 0.07019781, -0.8910809, -0.1109267, 2.943601, 0.3521974, 36.225, 0.9999067, -41.19622, 3.366377E-05, 11.47712, 0.8926135, -50.05429, 0.2000135, -9.169814, 0.0917499, 7.420064, 4.323575, -10.59089, 0.0001257176, 
14, 4, 171, 5, 18, 0, 0, -22.10686, 0.001461669, -88.14922, 9.886111E-11, 61.49298, 15.99999, -11.3452, 1.401236, 25.48637, 10.95375, -71.95502, 1, 22.90385, 15.86823, 40.52272, 0.9999203, -11.67925, -0.8976343, 1.21388, 0.1505811, 45.15213, 0.99999, 26.87113, 0.9987922, 31.85942, 0.9993053, -2.288128, 1.919269, 66.90079, 0.9999999, 37.62248, 4.999589, -36.12545, 1.023026E-15, 
15, 4, 443, 18, 1, 3, 5, -1.454344, 0.2036581, 73.88087, 1, -102.6049, 1, 1.966189, 8.135571, -54.9104, 1.000004, -80.06934, 1, 23.01902, 15.87194, -1.034306, -0.1285727, 49.35475, 0.9999912, -26.50262, -0.9973517, -35.75301, 0.200105, 18.3585, 0.9899455, 40.57998, 0.9999214, -28.40063, 0.203034, 14.03785, 0.9709558, -6.686978, 0.7909586, -34.55423, 4.923351E-15, 
16, 4, 480, 17, 6, 6, 0, 81.2818, 1, -15.10152, 0.00836433, 12.99225, 14.56725, 23.5892, 19.85918, 1.129542, 4.279185, 6.774474, 11.00157, -88.13195, 1, 94.39066, 1, -7.929653, -0.7578763, -4.215181, -0.483006, -15.29094, 0.21712, 34.11716, 0.9998025, -60.11916, -0.9999994, -25.44787, 0.2063455, 12.76152, 0.9604706, -20.96864, 0.02630499, -52.42921, 8.496737E-23, 
17, 4, 477, 1, 7, 7, 3, 70.72348, 0.9999999, -11.25904, 0.0215676, -113.4448, 1, -11.11295, 1.424687, 22.11861, 10.89331, -17.97573, 1.061422, 62.26432, 15.99999, -53.5772, -0.999997, 20.88974, 0.9892695, 61.14636, 0.9999995, 22.68181, 0.9972525, -3.23992, 0.3078948, 48.28938, 0.9999886, 41.63884, 10.19918, -9.086985, 0.09349012, -74.49793, 4.07812E-08, -69.43356, 3.502334E-30, 
18, 4, 209, 12, 9, 0, 4, -56.11993, 2.968668E-07, -0.6010494, 0.2404412, -9.273133, 1.524239, -5.181969, 2.738443, 51.67837, 10.99993, 23.62481, 15.88981, 14.28507, 14.93484, -38.17291, -0.9998567, 33.17345, 0.9994998, -31.28715, -0.9991985, 21.12304, 0.9959498, 37.255, 0.9999098, -78.06085, -1, 14.29735, 9.491917, 15.61866, 0.9802502, -42.14029, 0.0001329337, -1.243675, 1.118985, 
19, 4, 285, 22, 20, 4, 0, 81.81337, 1, -18.88395, 0.003265775, 11.18314, 13.86453, 105.5008, 20, -40.17487, 1.00016, -20.92817, 1.029424, -48.12001, 1.000033, 66.07002, 0.9999999, 30.87059, 0.9991106, 13.57499, 0.9350172, 36.16948, 0.9999054, 18.46695, 0.9902118, 55.28107, 0.999998, 69.49132, 10.2, -47.05591, 7.779765E-06, -75.2829, 3.351456E-08, 30.16608, 5, 
20, 4, 496, 8, 17, 7, 5, -42.36046, 9.257056E-06, 43.09673, 0.9999431, 8.22537, 12.12986, -11.41648, 1.394296, -44.34494, 1.000056, -65.13283, 1, -46.28708, 1.000052, -13.20223, -0.9288959, 74.98716, 1, -6.687903, -0.6836781, 64.23915, 0.9999999, -11.38295, 0.05490213, -48.9391, -0.9999903, -9.70406, 0.5149226, 33.55379, 0.9997725, 18.49261, 4.951369, 14.05341, 4.999996, 
21, 4, 444, 20, 12, 6, 6, -39.50494, 1.890182E-05, -45.99782, 3.728674E-06, -93.09135, 1, 0.04346752, 6.150584, -31.99765, 1.001235, -46.6412, 1.000048, 24.98577, 15.92142, -28.00009, -0.9981779, 45.90315, 0.9999793, -2.183496, -0.2663556, 0.9202805, 0.6458122, -55.68696, 8.992174E-07, -9.638153, -0.8351035, -6.924356, 0.811636, 62.39582, 0.9999998, 0.2078943, 2.564952, -51.05297, 3.364693E-22, 
22, 4, 277, 17, 13, 4, 3, -66.14801, 2.419785E-08, -48.13402, 2.185849E-06, 27.32888, 15.95615, 19.10039, 19.57401, 45.32518, 10.99967, 21.79088, 15.82645, -5.391785, 2.308438, 45.44995, 0.9999768, 43.18792, 0.9999591, 17.00251, 0.9718902, -72.75543, 0.2, 13.30564, 0.9653238, 54.93695, 0.9999979, -8.205473, 0.6515844, 98.71584, 1, -58.40772, 2.277362E-06, 43.53989, 5, 
23, 4, 444, 2, 24, 0, 1, 72.14919, 0.9999999, -12.00363, 0.0179702, -16.03139, 1.099613, -3.941298, 3.294296, -3.387432, 2.362422, -96.38195, 1, -78.86872, 1, 14.7246, 0.9508503, -54.23303, -0.9999974, -4.977904, -0.5526844, -8.224216, 0.2907537, -15.01245, 0.02290758, 55.08707, 0.9999979, -28.65063, 0.2028502, 52.19871, 0.9999979, -23.07601, 0.01556575, 6.156893, 4.989428, 
24, 4, 277, 6, 20, 2, 7, 19.64449, 0.9803748, 2.985026, 0.4369023, -10.9721, 1.347017, -46.89831, 1.000057, 46.06745, 10.99973, 29.77147, 15.97616, 2.295927, 6.926163, -3.860507, -0.4482942, -6.858398, -0.6948639, -43.34388, -0.9999607, 72.61609, 1, 36.79811, 0.9998989, 40.57998, 0.9999214, -69.38209, 0.2000001, -68.59676, 3.566163E-08, -12.55736, 0.2075669, 9.491789, 4.999623, 
25, 4, 200, 4, 7, 4, 6, -28.10285, 0.0003268401, 41.2798, 0.9999104, 4.453671, 8.924862, 10.31254, 16.74986, -62.88917, 1.000001, 46.42042, 15.99963, -32.33538, 1.001702, 16.09059, 0.9648189, 44.05191, 0.999967, 63.07681, 0.9999997, -14.83704, 0.219128, 3.801928, 0.7212121, -43.48425, -0.999962, -8.205473, 0.6515844, -10.91323, 0.06132359, -16.24704, 0.08463605, -14.42389, 2.721147E-06, 
26, 4, 19, 5, 1, 2, 4, -22.92196, 0.001192523, -25.71455, 0.0005936438, 53.65728, 15.99994, 46.38572, 19.99953, 13.42875, 10.13504, 10.25453, 13.40311, -6.81706, 1.940832, 16.1257, 0.965121, 43.56301, 0.9999627, 18.4416, 0.9803003, -56.57784, 0.2000006, 25.28108, 0.9982038, 81.36145, 1, -17.5979, 0.2449863, -54.2043, 1.302694E-06, -31.27274, 0.002010948, 41.58337, 5, 
27, 4, 30, 5, 8, 2, 0, -48.91054, 1.800157E-06, 27.42799, 0.9971483, 22.85588, 15.86666, 0, 6.109887, -20.51862, 1.021726, 21.42926, 15.81024, -37.14858, 1.000511, -19.78311, -0.9858737, 44.62005, 0.9999714, -43.83504, -0.9999652, 9.242334, 0.9277998, 5.389058, 0.793682, -84.23872, -1, -8.96851, 0.5761082, 0, 0.5, -48.58745, 2.652484E-05, 4.97722, 4.96577, 
28, 4, 51, 9, 12, 0, 1, -30.53344, 0.0001780337, 28.14286, 0.9976139, -29.32166, 1.003615, 13.59661, 18.41849, -6.906619, 1.614187, 58.60304, 15.99998, 58.52101, 15.99998, -4.063658, -0.468352, -81.02419, -1, -3.833618, -0.4456045, -13.3817, 0.2272362, 0, 0.5, 11.24116, 0.8864588, -39.77706, 0.2001766, 17.06481, 0.9861593, -3.807747, 1.392478, 55.39106, 5, 
29, 4, 458, 9, 22, 1, 4, 72.14919, 0.9999999, 45.27141, 0.999967, -45.62683, 1.000061, 5.681623, 12.46803, 37.97837, 10.99795, -71.95502, 1, -7.983553, 1.71418, 5.437397, 0.5913078, -33.79532, -0.9995718, -16.89752, -0.9711534, 39.42913, 0.9999581, 69.70612, 1, 55.08707, 0.9999979, -18.42816, 0.2365849, -65.149, 8.443785E-08, -5.320324, 1.04573, 98.99729, 5, 
